{
    "project_info": {
        "project_number": "434265282691",
        "firebase_url": "https://siberian-platform.firebaseio.com",
        "project_id": "siberian-platform",
        "storage_bucket": "siberian-platform.appspot.com"
    },
    "client": [
        {
            "client_info": {
                "mobilesdk_app_id": "1:434265282691:android:8cf37045d693f389",
                "android_client_info": {
                    "package_name": "com.swiftspeedappcreator.android6020cb8c7510f"
                }
            },
            "oauth_client": [
                {
                    "client_id": "434265282691-ql5op1ai08739o1ddaot0bm28bt4vmpj.apps.googleusercontent.com",
                    "client_type": 3
                }
            ],
            "api_key": [
                {
                    "current_key": "AIzaSyDB_dmCGcJhk1MrM1NP9PC3t6NnHI1cnrg"
                }
            ],
            "services": {
                "appinvite_service": {
                    "other_platform_oauth_client": [
                        {
                            "client_id": "434265282691-ql5op1ai08739o1ddaot0bm28bt4vmpj.apps.googleusercontent.com",
                            "client_type": 3
                        }
                    ]
                }
            }
        }
    ],
    "configuration_version": "1"
}